{
    "mean": {
        "temperature": 9.738750000000001,
        "humidity": 63.0,
        "wind_speed": 3.6833333333333336,
        "pressure": 1021.1666666666666,
        "clouds": 62.0,
        "aqi": 2.4166666666666665,
        "co": 394.28583333333336,
        "no2": 49.73916666666667,
        "o3": 24.449583333333333,
        "so2": 19.157916666666665,
        "pm2_5": 16.33375,
        "pm10": 31.407916666666665,
        "temperature_rolling_mean_6h": 9.9365625,
        "humidity_rolling_mean_6h": 63.13888888888889,
        "wind_speed_rolling_mean_6h": 3.71625,
        "aqi_rolling_mean_6h": 2.4791666666666665,
        "co_rolling_mean_6h": 396.89395833333333,
        "no2_rolling_mean_6h": 49.87854166666667,
        "pm2_5_rolling_mean_6h": 16.572187500000002,
        "pm10_rolling_mean_6h": 31.44322916666667,
        "aqi_lag_1h": 2.4791666666666665,
        "aqi_lag_3h": 2.4375,
        "aqi_lag_6h": 2.4166666666666665
    },
    "scale": {
        "temperature": 9.094182807569902,
        "humidity": 24.264171117101856,
        "wind_speed": 1.2565881938363455,
        "pressure": 7.98783797754784,
        "clouds": 44.66542286825459,
        "aqi": 0.5713045500334204,
        "co": 126.64071600123538,
        "no2": 14.206140959888517,
        "o3": 17.38092859984919,
        "so2": 11.132062544427944,
        "pm2_5": 10.153028617322354,
        "pm10": 26.915112232592595,
        "temperature_rolling_mean_6h": 8.854192942158726,
        "humidity_rolling_mean_6h": 24.25962326557555,
        "wind_speed_rolling_mean_6h": 1.257497721999262,
        "aqi_rolling_mean_6h": 0.5047517266494049,
        "co_rolling_mean_6h": 131.15403127921738,
        "no2_rolling_mean_6h": 12.816592860848935,
        "pm2_5_rolling_mean_6h": 10.270523743960695,
        "pm10_rolling_mean_6h": 26.832155475046466,
        "aqi_lag_1h": 0.4345136169711294,
        "aqi_lag_3h": 0.2525907427704613,
        "aqi_lag_6h": 1.0
    }
}