,feature,importance
10,pm10,0.51
9,pm2_5,0.47
7,o3,0.01
8,so2,0.01
6,no2,7.804772972258043e-18
4,clouds,7.027674364630619e-18
2,wind_speed,6.295624951648263e-18
0,temperature,5.737437274249216e-18
1,humidity,5.2707557734729654e-18
5,co,0.0
3,pressure,0.0
11,hour,0.0
12,day_of_week,0.0
13,month,0.0
14,is_weekend,0.0
15,temperature_rolling_mean_6h,0.0
16,humidity_rolling_mean_6h,0.0
17,aqi_lag_1h,0.0
18,aqi_lag_3h,0.0
19,aqi_lag_6h,0.0
